date,strategy_nav,n_positions,cash,position_value,strategy_daily_ret,strategy_cum_ret,drawdown
2024-01-25,1.0,0,100000.0,0.0,,0.0,0.0
2024-01-26,0.967292002613449,1,57318.1994373703,39411.0008239746,-0.03270799738655095,-0.03270799738655095,-0.03270799738655095
2024-03-11,1.078982001240158,1,57318.1994373703,50580.0006866455,0.11546668257872783,0.07898200124015808,0.0
2024-03-12,1.0911476548820496,2,42535.7665410614,66578.99894714355,0.011275121946342503,0.09114765488204957,0.0
2024-03-15,1.1158277551898956,1,57123.77702960968,54458.99848937989,0.022618478990832802,0.11582775518989563,0.0
2024-03-18,1.169161431482315,2,31671.143834877013,85244.99931335449,0.04779740963097212,0.1691614314823151,0.0
2024-03-26,1.1117614375858307,2,31671.143834877013,79504.99992370605,-0.04909501147648199,0.11176143758583068,-0.049095011476482035
2024-03-27,1.0689728040290831,2,41749.28159309387,65147.99880981445,-0.03848724385481683,0.06897280402908312,-0.08569272365254844
2024-03-28,1.0898299738830566,1,55027.99670166015,53955.000686645515,0.019511412989517085,0.08982997388305658,-0.06785329678441288
2024-03-29,1.0990347126384734,3,13267.47158428192,96635.99967956543,0.008446031927916708,0.09903471263847341,-0.05998035596755181
2024-04-01,1.1077007389287472,4,16705.074646277426,94064.99924659729,0.007885125183597852,0.10770073892874721,-0.05256818339931491
2024-04-02,1.0943263023602963,4,26288.629228949547,83144.00100708008,-0.012074052222250331,0.09432630236029627,-0.06400752462997306
2024-04-12,1.0482261809628963,2,40126.6161851263,64696.00191116333,-0.04212648576386124,0.048226180962896326,-0.10343759831872974
2024-04-15,1.0342473039090634,3,30499.72919881344,72925.0011920929,-0.01333574500208723,0.03424730390906339,-0.11539392588601008
2024-04-17,1.0376456992841243,2,39839.571263556485,63924.99866485596,0.003285863412180401,0.03764569928412431,-0.11248723115288645
2024-04-18,1.0406688914052487,3,20895.88937512875,83170.99976539612,0.002913510963530319,0.04066889140524865,-0.10990145297057727
2024-04-23,1.009941392520714,1,52970.13870275498,48024.000549316406,-0.02952668148179427,0.00994139252071391,-0.13618310925612293
2024-04-24,1.039594180653572,2,37230.41797380448,66729.00009155273,0.02936089990216928,0.03959418065357201,-0.11082066799318889
2024-04-25,1.0461446632291793,2,28850.466002483372,75764.00032043457,0.006300999656894124,0.04614466322917932,-0.1052179493272966
2024-04-26,1.0904546646024704,2,28850.466002483372,80195.00045776367,0.0423555201596284,0.09045466460247042,-0.06731899014155532
2024-04-29,1.1145638759443284,3,15248.38702985764,96208.0005645752,0.02210932019869616,0.11456387594432837,-0.04669804705135159
2024-05-27,1.0384481444356919,1,52562.8148555565,51281.999588012695,-0.06829194194379073,0.03844814443569189,-0.11180088867702305
2024-05-28,1.0219106572622298,2,33397.06624502183,68793.99948120117,-0.015925193050875697,0.02191065726222985,-0.12594563099245767
2024-05-29,1.01945065436306,2,33397.06624502183,68547.99919128418,-0.0024072582878824633,0.019450654363059927,-0.12804970561631096
2024-05-30,1.0151663181917667,4,21943.63138811589,79573.00043106079,-0.004202592987661569,0.015166318191766726,-0.1317141578090773
2024-06-03,1.038136296980381,1,51136.63079667092,52676.99890136718,0.022626813337866425,0.0381362969803809,-0.1120676161339112
2024-06-04,1.0465543203263286,2,17126.430796670924,87529.00123596191,0.008108784338273445,0.04655432032632856,-0.1048675639261721
2024-06-05,1.0063508544133188,2,34016.08662770272,66618.99881362915,-0.038415078063481434,0.0063508544133188405,-0.13925414633510252
2024-06-14,1.0291927946961403,1,49234.278096323025,53685.00137329101,0.022697789923513234,0.029192794696140334,-0.11971711777108168
2024-06-17,1.0281791867226602,2,31366.919221582426,71450.9994506836,-0.000984857238316983,0.028179186722660177,-0.12058407073941135
2024-06-26,0.9861475102913857,1,47629.74965584756,50985.00137329101,-0.040879719191020736,-0.013852489708614302,-0.15653434697969482
2024-06-27,0.9663538986046792,2,16410.387571649564,80225.00228881836,-0.02007165406811995,-0.03364610139532076,-0.1734640977854593
2024-06-28,0.9997038589318277,2,16410.387571649564,83559.9983215332,0.034511125142975496,-0.00029614106817232866,-0.14493941382897105
2024-07-01,1.0515865901108743,3,7306.657057962431,97852.001953125,0.051898100337916864,0.0515865901108743,-0.10056339373286902
2024-07-09,1.1542316883553507,2,16132.169232263579,99290.99960327148,0.09760974437079306,0.15423168835535073,-0.012769616517400667
2024-07-10,1.19064134623065,4,2688.1374135160595,116375.99720954895,0.03154449686542482,0.19064134623065,0.0
2024-07-26,1.1429992483447553,3,5159.91991351606,109140.00492095947,-0.04001381107477975,0.1429992483447553,-0.040013811074779776
2024-07-29,1.1563637823886397,4,3345.3757745695266,112291.00246429443,0.01169251341436861,0.15636378238863968,-0.028789159683162965
2024-08-06,0.9632268359740737,2,83003.6835440016,13319.000053405762,-0.16702092313511685,-0.03677316402592634,-0.1910016907917137
2024-08-07,0.971216843164015,3,29667.686322932263,67453.99799346924,0.008295042134972785,-0.02878315683598498,-0.1842910157297093
2024-08-09,0.9440011466323378,1,83114.1151267195,11285.999536514282,-0.028022265803190116,-0.055998853367662194,-0.20714902970498159
2024-08-12,0.9359548064589979,2,34315.480293040295,59280.0003528595,-0.008523655084577753,-0.06404519354100213,-0.21390701790924913
2024-09-10,0.8741792174685957,1,76995.92203010085,10421.999716758728,-0.06600274774389803,-0.12582078253140427,-0.2657913147094335
2024-09-11,0.8762872037642004,3,9643.721029686953,77984.9993467331,0.0024113891676684762,-0.12371279623579956,-0.26402085183891566
2024-09-18,0.9769272272341253,3,9643.721029686953,88049.00169372559,0.11484821761360098,-0.023072772765874716,-0.17949495847183874
2024-09-19,1.0184182847708227,4,6658.825814423586,95183.00266265869,0.04247098082645007,0.018418284770822746,-0.14464730458509067
2024-10-16,2.0330682805746556,4,6658.825814423586,196648.002243042,0.9962998612423402,1.0330682805746556,0.0
2024-10-17,2.1509967645666603,5,2811.672106003786,212288.00435066223,0.058005176274095405,1.1509967645666603,0.0
2024-10-18,2.16924671926713,5,2811.672106003786,214112.99982070923,0.008484417550551848,1.16924671926713,0.0
2024-10-21,2.306629806539583,6,488.9755746889364,230174.0050792694,0.06333216321233737,1.3066298065395832,0.0
2024-10-22,2.2242697410793784,6,488.9755746889364,221937.9985332489,-0.035705801263255954,1.2242697410793784,-0.03570580126325592
2024-10-23,2.093859806558657,6,488.9755746889364,208897.00508117676,-0.05863044940648121,1.0938598065586569,-0.09224280349525389
2024-10-24,2.2688897652836326,6,488.9755746889364,226400.00095367432,0.08359201422020912,1.2688897652836326,-0.01636155101653192
2024-10-30,2.8862396493168356,6,488.9755746889364,288134.9893569946,0.27209337953711854,1.8862396493168356,0.0
2024-10-31,3.104900738740587,5,4260.0666070604575,306230.0072669983,0.07575985226157766,2.104900738740587,0.0
2024-11-04,3.027790536428118,5,4260.0666070604575,298518.98703575134,-0.02483499757346408,2.027790536428118,-0.024834997573464055
2024-11-05,3.005570609117174,5,4260.0666070604575,296296.994304657,-0.0073386606648017105,2.005570609117174,-0.03199140261846291
2024-11-06,2.8437581588070397,6,114.82354443075837,284260.9923362732,-0.05383751418758498,1.8437581588070397,-0.08410657921369567
2024-11-12,2.7265582968037134,6,114.82354443075837,272541.00613594055,-0.04121302004544991,1.7265582968037134,-0.12185331312405734
2024-11-13,2.6305483008663657,6,114.82354443075837,262940.0065422058,-0.03521288946944512,1.6305483008663657,-0.15277539534697934
2024-11-18,2.2677766139297963,5,4082.6585987139006,222695.00279426575,-0.13790725181403862,1.2677766139297963,-0.2696138122439128
2024-11-19,2.3649652537694936,8,322.5309311485547,236173.99444580078,0.042856355093670695,1.3649652537694936,-0.23831212242592556
2024-11-20,2.443155343818307,7,225.52931782009864,244090.00506401062,0.03306183459743739,1.4431553438183071,-0.2131293238026984
2024-11-21,2.502999933627296,7,641.9975188422468,249657.99584388733,0.024494795208339193,1.502999933627296,-0.19385508773379817
2024-11-22,2.2980144361557246,6,1834.445324556854,227966.99829101562,-0.08189592605162821,1.2980144361557246,-0.2598750718556473
2024-11-25,2.422628028254533,5,3862.80497122052,238399.9978542328,0.054226635889751185,1.422628028254533,-0.21974058686423525
2024-11-26,2.271342386295724,6,1990.2434399056704,225143.99518966675,-0.06244691310197048,1.271342386295724,-0.2684653786333188
2024-11-27,2.300667724572778,5,3889.770885622528,226177.00157165527,0.012911016169992795,1.300667724572778,-0.2590205233079441
2024-11-28,2.3322103025432828,6,1434.0344619393618,231786.99579238892,0.013710184062482034,1.3322103025432828,-0.24886155829597434
2024-11-29,2.288000414085031,6,1434.0344619393618,227366.00694656372,-0.018956218660916124,1.288000414085031,-0.2631003028415356
2024-12-02,2.3522303974148038,6,1434.0344619393618,233789.00527954102,0.028072540081011343,1.3522303974148038,-0.24241365655736943
2024-12-03,2.304010283183694,6,1434.0344619393618,228966.99385643005,-0.020499741132546156,1.3040102831836942,-0.2579439804834956
2024-12-19,2.072980362605691,6,1434.0344619393618,205864.00179862976,-0.10027295549165893,1.072980362605691,-0.3323521307007916
2024-12-20,2.07795036287272,6,1434.0344619393618,206361.00182533264,0.00239751439843916,1.0779503628727198,-0.33075143532105955
2024-12-23,2.005809100203872,7,1022.911148583916,199557.99887180328,-0.034717510080035874,1.005809100203872,-0.35398607911135016
2024-12-24,2.006774567059517,6,1369.4600514412195,199307.9966545105,0.0004813353651387242,1.0067745670595172,-0.35367512976485455
2024-12-25,1.9340646404542925,6,1369.4600514412195,192037.00399398804,-0.03623223445160806,0.9340646404542925,-0.3770929239951195
2024-12-26,1.9495446643152239,6,1369.4600514412195,193585.00638008118,0.008003881326994033,0.9495446643152239,-0.37210724968103165
2024-12-27,1.9612446646013262,6,1369.4600514412195,194755.0064086914,0.006001401506854798,0.9612446646013262,-0.3683390131831241
2024-12-30,1.9441146382608416,6,1369.4600514412195,193042.00377464294,-0.008734262812624016,0.9441146382608416,-0.3738561062504641
2024-12-31,1.875724556855202,6,1369.4600514412195,186202.99563407898,-0.035178008569916375,0.8757245568552019,-0.3958826015107861
2025-01-02,1.8302246312417987,6,1369.4600514412195,181653.00307273865,-0.0242572532556099,0.8302246312417987,-0.41053683024205917
2025-01-03,1.6939945520677568,6,1369.4600514412195,168029.99515533447,-0.07443352955074722,0.6939945520677568,-0.45441265450731394
2025-01-06,1.6729587855926518,4,7197.873502883938,160098.00505638123,-0.012417847772549173,0.6729587855926518,-0.46118767511027137
2025-01-07,1.7066614182659152,5,4749.139148674039,165917.00267791748,0.020145524781307822,0.7066614182659152,-0.4503330180667312
2025-01-08,1.7095997631410602,6,346.9801173591891,170612.99619674683,0.0017216917448865665,0.7095997631410602,-0.44938666096149993
2025-01-09,1.7274197575906758,6,346.9801173591891,172394.99564170837,0.010423489072597159,0.7274197575906758,-0.4436473488388059
2025-01-10,1.6690344022505763,7,118.43861334803518,166785.0016117096,-0.033799170747897844,0.6690344022505763,-0.4624516070914487
2025-01-14,1.827164410948086,7,118.43861334803518,182598.00248146057,0.09474340881427157,0.827164410948086,-0.41152243994465915
2025-01-15,1.825064385294247,7,118.43861334803518,182387.99991607666,-0.0011493359006207182,0.825064385294247,-0.4121987983311404
2025-02-05,1.799365450129223,6,4642.549537153272,175293.99547576904,-0.014081111533432611,0.7993654501292231,-0.42047569261132534
2025-02-06,1.9058240799191,8,851.4124322176256,189730.99555969238,0.05916454035628593,0.9058240799191,-0.3861884033393795
2025-02-07,2.0780541152241234,8,851.4124322176256,206953.9990901947,0.09037037422275329,1.0780541152241234,-0.3307180196468935
2025-02-17,2.4643841194393636,8,851.4124322176256,245586.99951171875,0.18590950129014017,1.4643841194393636,-0.2062921404569701
2025-02-18,2.3788816680772307,7,1804.1722284078874,236083.9945793152,-0.0346952614601268,1.3788816680772307,-0.2338300421667731
2025-02-19,2.464931745038748,7,1804.1722284078874,244689.00227546692,0.036172491518280836,1.464931745038748,-0.20611576586548913
2025-02-20,2.452521769033194,7,1804.1722284078874,243448.0046749115,-0.005034612431168539,1.452521769033194,-0.21011266529957145
2025-02-27,2.7005017127854827,7,1804.1722284078874,268245.9990501404,0.10111222941358222,1.7005017127854827,-0.13024539590245876
2025-02-28,2.4682170176307445,7,1636.6992930579459,245185.00247001648,-0.08601538523563601,1.4682170176307445,-0.20505767323437685
2025-03-03,2.467081542983413,6,4363.150407350091,242345.0038909912,-0.00046003841607955565,1.4670815429834132,-0.20542337724325666
2025-03-04,2.4470466017110586,7,2742.6643310332574,241961.99584007263,-0.008120907608155759,1.4470466017110586,-0.21187606058426459
2025-03-05,2.559836635051513,7,2742.6643310332574,253240.99917411804,0.04609231114012613,1.559836635051513,-0.17554960675173262
2025-03-06,2.6213225844464065,8,1379.2554195857324,260753.00302505493,0.024019481771990536,1.6213225844464065,-0.15574673555919538
2025-03-07,2.4809651695642234,7,2713.518585298089,245382.99837112427,-0.05354450296006774,1.4809651695642234,-0.2009518569760929
2025-03-27,2.263795099978042,6,4254.512715775994,222124.9972820282,-0.08753450965388887,1.2637950999780418,-0.2708961443655411
2025-03-28,2.2056451990648034,6,4254.512715775994,216310.00719070435,-0.02568690996539502,1.2056451990648034,-0.28962456946064585
2025-03-31,2.16762516665895,6,4254.512715775994,212508.00395011902,-0.01723760123431184,1.1676251666589499,-0.30186973785893584
2025-04-01,2.155305188898635,6,4254.512715775994,211276.00617408752,-0.005683629231572396,1.1553051888986352,-0.30583765142428604
2025-04-02,2.1477651207490687,6,4254.512715775994,210521.99935913086,-0.0034983760946725173,1.1477651207490687,-0.308266092390365
2025-05-06,2.4490952098062757,4,7319.523021490601,237589.99795913696,0.1402993680017084,1.4490952098062757,-0.21121626232738117
2025-05-07,2.4570944862859965,5,3752.453236753968,241956.9953918457,0.003266217028922158,1.4570944862859965,-0.20863992345125804
2025-05-26,2.2565882245691538,4,7313.817421515016,218345.0050354004,-0.08160299200374521,1.2565882245691538,-0.2732172734499483
2025-05-27,2.209448187986207,4,7313.817421515016,213631.0013771057,-0.020889959483834097,1.2094481879862071,-0.28839973516112927
2025-05-28,2.1709782153757335,4,7313.817421515016,209784.00411605835,-0.017411574898951065,1.1709782153757335,-0.3007898164704847
2025-05-29,2.2243236167543654,5,2444.3569909882826,219988.00468444824,0.02457205742591917,1.2243236167543654,-0.28360878368801
2025-06-23,2.1354336192720655,5,2444.3569909882826,211099.00493621826,-0.039962709028825705,1.1354336192720655,-0.3122377174162926
2025-06-24,2.1883735272997145,5,2444.3569909882826,216392.99573898315,0.02479117475245851,1.1883735272997145,-0.2951872824806101
2025-07-14,2.2073235929125072,5,2444.3569909882826,218288.00230026245,0.008659429195424284,1.2073235929125072,-0.28908400665721634
2025-07-15,2.2357435586565257,5,2444.3569909882826,221129.9988746643,0.012875305567009887,1.2357435586565257,-0.2799307460104537
2025-07-28,2.3928342141833547,4,25445.41597094777,213838.0054473877,0.07026327099035723,1.3928342141833547,-0.22933632488556188
2025-07-29,2.372551779198003,5,17987.17941516164,219267.99850463867,-0.008476322707661521,1.372551779198003,-0.23586871889490424
2025-07-31,2.355690332464147,5,14251.02882899526,221318.00441741943,-0.007106882505871326,1.355690332464147,-0.2412993101287791
2025-08-01,2.314720272115636,5,14251.02882899526,217220.99838256836,-0.017391955039206874,1.3147202721156361,-0.2544945984152346
2025-08-07,2.3850970793605093,4,24481.7118728185,214027.99606323242,0.03040402250443397,1.3850970793605093,-0.23182823540827438
2025-08-08,2.3310629675313237,6,9752.294182026419,223354.00257110596,-0.022654889940024292,1.3310629675313237,-0.24923108219013412
2025-08-11,2.358392656840253,5,13612.269834415945,222226.99584960938,0.011724131732860243,1.3583926568402531,-0.24042896849679432
2025-08-12,2.358302881797338,5,17826.290567734275,218003.9976119995,-3.8066198457142875e-05,1.358302881797338,-0.2404578824784218
2025-08-13,2.4178929544291736,5,17826.290567734275,223963.0048751831,0.025268201591824413,1.4178929544291736,-0.22126561913540538
2025-08-14,2.3668604925151113,5,18813.047389938863,217873.00186157227,-0.02110617089998934,1.3668604925151113,-0.23770172006363088
2025-08-15,2.401850309966207,5,13215.031683266197,226969.9993133545,0.014783219189194563,1.401850309966207,-0.22643249750378563
2025-08-18,2.5128303648215535,5,13215.031683266197,238068.00479888916,0.046206066379260724,1.5128303648215535,-0.1906889861346066
2025-08-19,2.5925084869727377,5,8332.842944710288,250918.00575256348,0.03170851612852199,1.5925084869727377,-0.16502693479846522
2025-08-25,2.644698416934896,5,8332.842944710288,256136.9987487793,0.020131054623123035,1.644698416934896,-0.14821804641405667
2025-08-26,2.762977365199972,6,9076.738137428796,267220.99838256836,0.04472303817618517,1.7629773651999718,-0.11012376958604693
2025-08-28,2.8492774006766566,6,9076.738137428796,275851.0019302368,0.03123443447769203,1.8492774006766566,-0.08232898877392672
2025-08-29,2.730751925768209,7,583.1904711079951,272492.0021057129,-0.04159843295015775,1.730751925768209,-0.12050266480471798
2025-09-05,2.4731440299155474,5,15014.405471107995,232299.99752044678,-0.09433588361571577,1.4731440299155474,-0.2034708230580323
2025-09-08,2.475820187506032,5,12837.01981871847,234744.99893188477,0.0010820872371821721,1.4758201875060322,-0.2026089090016202
2025-09-09,2.4123545798505073,7,3745.4580231976856,237489.99996185303,-0.02563417487901487,1.4123545798505073,-0.22304937167524108
2025-09-10,2.445740619360662,5,10959.06788699392,233614.99404907227,0.013839607074770832,1.4457406193606621,-0.21229668026273013
2025-09-11,2.5341193647555595,6,3856.93788699392,249554.998588562,0.03613578017852137,1.5341193647555595,-0.18383240625481267
2025-09-12,2.5254708966054205,7,1021.0873488355032,251526.00231170654,-0.003412810095065666,1.5254708966054205,-0.18661783125801168
2025-09-22,2.546232486925245,6,11648.254414570367,242974.9942779541,0.008220878865692338,1.5462324869252448,-0.17993111497726974
2025-09-23,2.44247305925181,8,1821.3071420693755,242425.99878311157,-0.040750178236368284,1.4424730592518098,-0.2133490682080458
2025-09-24,2.4597130771427396,8,1821.3071420693755,244150.0005722046,0.007058427042061499,1.4597130771427396,-0.20779654999842256
2025-09-25,2.4561782090233093,5,213457.8206734491,32160.000228881836,-0.0014371058772173484,1.4561782090233093,-0.20893503023237173
2025-09-26,2.492466348889948,5,135333.63420997866,113913.00067901611,0.01477422922055327,1.492466348889948,-0.19724765504067465
2025-09-29,2.51929636788714,5,135333.63420997866,116596.00257873535,0.010764445830589109,1.51929636788714,-0.18860647090798158
2025-09-30,2.5686833395813236,6,47659.3394741846,209208.99448394775,0.019603478305969535,1.5686833395813236,-0.1727003354628221
2025-10-09,2.5906656923279057,6,51370.574474184614,207695.99475860596,0.008557828988825511,1.5906656923279057,-0.16562044641120025
2025-10-10,2.478955108782221,5,129776.51349510442,118118.99738311768,-0.04312041645377418,1.478955108782221,-0.20159924024246353
2025-10-13,2.439125145098139,5,129776.51349510442,114136.00101470947,-0.016067238790640426,1.439125145098139,-0.21442733590011662
2025-10-14,2.426731012171007,5,106597.10405523548,136075.99716186523,-0.005081384590716942,1.426731012171007,-0.21841913273036223
2025-10-15,2.4907085640333424,5,73146.85051344166,175924.00588989258,0.0263636767080746,1.4907085640333424,-0.19781378742444886
2025-10-16,2.4840067108839285,6,35885.67551344167,212514.99557495117,-0.0026907416010812923,1.4840067108839285,-0.1999722632384397
2025-10-20,2.3641626126131308,4,129158.2631762911,107257.99808502197,-0.04824628602881331,1.3641626126131308,-0.2385706302572221
2025-10-21,2.4263132196024193,6,15974.317413122768,226657.00454711914,0.026288634570949876,1.4263132196024193,-0.2185536918044656
2025-10-22,2.4137592767334235,7,39624.92879486336,201750.998878479,-0.005174081716891044,1.4137592767334235,-0.22259695886043207
2025-10-23,2.36679657047732,5,154297.65726898445,82381.99977874756,-0.019456250964536514,1.36679657047732,-0.23772230752943738
2025-10-24,2.4306365687225595,5,154297.65726898445,88765.99960327148,0.02697316661751148,1.4306365687225595,-0.2171612643216167
2025-10-27,2.4998371847214,8,11132.72207321419,238850.99639892578,0.02847016163967675,1.4998371847213998,-0.19487371897905303
2025-10-29,2.5842824660686743,7,29169.24353985085,229259.0030670166,0.033780312519307465,1.5842824660686743,-0.16767630158865773
2025-10-30,2.5263287018177287,8,11244.866832468648,241388.0033493042,-0.022425475934566674,1.5263287018177287,-0.18634155665715077
2025-11-06,2.3324682020046485,5,137270.8184609629,95976.00173950195,-0.07673605563424701,1.3324682020046485,-0.24877849623278245
2025-11-07,2.299562851544596,9,2110.283529398581,227846.00162506104,-0.01410752370890711,1.299562851544596,-0.25937637140781933
2025-11-10,2.222293549468638,6,123436.35472561137,98793.00022125244,-0.03360173522722232,1.2222935494686382,-0.2842626104787984
2025-11-11,2.145286695754649,7,44466.6717803599,170061.99779510498,-0.034651971937911585,1.145286695754649,-0.30906432241540116
2025-11-12,2.1411322441219585,6,116256.2255871226,97856.99882507326,-0.0019365484533661048,1.1411322441219585,-0.3104023528332031
2025-11-13,2.160624401293589,7,40264.43769558206,175798.00243377686,0.00910366803598528,1.160624401293589,-0.3041244847750001
2025-11-14,2.1361198234165446,8,22058.976932413727,191553.00540924072,-0.011341433458945116,1.1361198234165446,-0.31201671062663355
2025-11-17,2.1367274743809,9,11283.745210306794,202389.0022277832,0.0002844648309023867,1.1367274743809,-0.31182100357655834
2025-11-18,2.170358811703135,7,39601.883253138214,177433.9979171753,0.01573964753365642,1.1703588117031352,-0.30098930873278795
2025-11-19,2.0803159538385643,6,112807.59388086572,95224.00150299072,-0.041487544538274745,1.0803159538385643,-0.32998954591946666
2025-11-24,2.0213810504141105,4,148523.1046980883,53615.000343322754,-0.028329784865470997,1.0213810504141105,-0.34897079794118474
2025-11-25,2.057654440495898,5,106310.44469808831,99454.99935150146,0.017944855114950364,1.0576544404958979,-0.33728817323463756
2025-11-26,2.0912381941683065,7,17543.8206375338,191579.99877929688,0.016321376909290475,1.0912381941683065,-0.3264718037277557
2025-11-27,2.069667766750933,7,39601.77690397515,167364.99977111816,-0.010314667873571493,1.069667766750933,-0.3334190233757896
2025-11-28,2.127557758511187,7,39601.77690397515,173153.99894714355,0.02797066886301902,1.1275577585111871,-0.31477430760824604
2025-12-01,2.095511926698138,8,24321.194653456354,185229.99801635742,-0.015062261734071103,1.095511926698138,-0.3250953563339608
2025-12-08,2.3465106993818536,7,38243.07204389825,196407.9978942871,0.1197792145612886,1.3465106993818536,-0.24425580821187617
2025-12-09,2.361659629908587,8,17876.963433363588,218288.99955749512,0.006455939250873177,1.361659629908587,-0.23937676962049173
2025-12-17,2.430659614649798,8,17876.963433363588,225188.9980316162,0.029216735497096913,1.430659614649798,-0.2171538418855462
2025-12-18,2.3598372798635734,8,14855.726582548767,221128.0014038086,-0.029137084583695794,1.3598372798635734,-0.23996369661054837
2025-12-19,2.338126825906207,8,14268.680820601137,219544.00177001953,-0.00919997922849225,1.338126825906207,-0.24695601481463134
2025-12-22,2.471725011104514,8,19008.49888266817,228164.0022277832,0.05713898139230622,1.471725011104514,-0.20392784855753635
2025-12-23,2.5054557943503633,10,5937.578965828569,244608.00046920776,0.01364665692757483,1.5054557943503633,-0.19306412501720469
2026-01-06,2.5941798629988924,9,14075.985052483233,245342.001247406,0.03541234646749536,1.5941798629988924,-0.16448863223526233
2026-01-07,2.6395298233260407,9,14075.985052483233,249876.99728012082,0.017481424851830907,1.6395298233260407,-0.14988270304683254
2026-01-08,2.719799885772635,9,14075.985052483233,257904.00352478024,0.030410742753210096,1.7197998857726349,-0.1240300046191355
2026-01-09,2.6971298036803497,9,14075.985052483233,255636.99531555173,-0.008335202237073847,1.6971298036803497,-0.13133139168424363
2026-01-12,2.8051998501052156,9,14075.985052483233,266443.99995803833,0.04006853740498495,1.8051998501052156,-0.0965251110594075
2026-01-14,2.7224101368198648,8,31723.014414408357,240517.99926757812,-0.029512946566800036,1.7224101368198648,-0.12318931718115683
2026-01-15,2.7268801609287516,8,31723.014414408357,240965.0016784668,0.0016419363300301804,1.7268801609287516,-0.12174964986647804
2026-01-16,2.8182778602489726,9,14287.78587230936,267540.0001525879,0.03351731426623883,1.8182778602489726,-0.09231305687661846
2026-01-19,2.8745078750499977,9,14287.78587230936,273163.00163269043,0.019951905947292792,1.8745078750499977,-0.07420297235783506
2026-01-20,2.794163493130042,9,16482.347295029314,262934.00201797485,-0.027950656394899687,1.7941634931300419,-0.1000796069688807
2026-01-21,2.7799558581913253,7,63163.582797892246,214832.00302124026,-0.00508475433654787,1.7799558581913253,-0.10465548108989349
2026-01-22,2.878811575844218,6,80386.1639931132,207494.9935913086,0.03556017530336231,1.8788115758442179,-0.0728168730405455
2026-01-23,3.1492402553437486,8,9912.031172497424,305011.99436187744,0.09393761014741897,2.1492402553437486,0.0
2026-01-26,3.1109032387887257,10,5881.328536617908,305208.99534225464,-0.012173417537760467,2.1109032387887257,-0.012173417537760509
2026-01-27,3.194066232706095,6,74797.62287388102,244609.00039672852,0.026732748508677462,2.194066232706095,0.0
2026-01-28,3.124546239877726,6,74797.62287388102,237657.0011138916,-0.02176535731053697,2.124546239877726,-0.021765357310536994
2026-01-29,3.025223030886485,5,79656.29852627055,222866.00456237793,-0.03178804260394885,2.025223030886485,-0.05286152180900829
2026-01-30,2.989132946810557,5,79656.29852627055,219256.99615478516,-0.011929726736660484,1.9891329468105572,-0.06416062503560334
2026-02-02,2.936613041720225,5,79656.29852627055,214005.00564575195,-0.01757028075528444,1.936613041720225,-0.0806035855955777
2026-02-03,3.107353862207057,6,26600.385228884377,284135.0009918213,0.058142090245167255,2.107353862207057,-0.027147956298192683
2026-02-04,3.1065200309120433,10,360.00136696115146,310292.00172424316,-0.00026834127427688426,2.1065200309120433,-0.027409012655282484
2026-02-05,2.944341335812594,7,10766.136221029912,283667.9973602295,-0.05220590676566006,1.9443413358125938,-0.07818400706172206
2026-02-06,2.969374096235873,6,25920.410569632208,271016.9990539551,0.008501989942130805,1.9693740962358728,-0.0703467367612654
2026-02-09,3.101519731788851,7,1112.970569632209,309039.00260925293,0.04450285860595771,2.101519731788851,-0.028974509034784907
2026-02-10,3.040247387236048,8,354.74317726389233,303669.99554634094,-0.01975558753497375,2.040247387236048,-0.04815768812023907
2026-02-11,3.0059428926549687,8,1595.2847107483522,298999.00455474854,-0.011283454999451936,2.0059428926549687,-0.05889775801290867
2026-02-12,3.0654328580938115,8,1595.2847107483522,304948.0010986328,0.019790783645360133,2.0654328580938115,-0.04027260715357869
2026-02-13,2.931420162633301,9,695.0147107483522,292447.0015525818,-0.04371738076293863,1.9314201626333012,-0.08222937501526806
2026-02-24,2.964990164235474,9,695.0147107483522,295804.0017127991,0.011451787781938672,1.964990164235474,-0.07171926058544568
2026-02-25,2.9933601374181524,9,695.0147107483522,298640.9990310669,0.009568319492214483,1.9933601374181524,-0.06283717389225812
2026-02-26,3.0225501970800175,9,695.0147107483522,301560.0049972534,0.00975160298855382,2.0225501970800175,-0.05369833407642422
2026-03-05,2.9274428446271674,7,48118.28405835882,244626.0004043579,-0.03146592984451668,1.9274428446271674,-0.08347459590812477
2026-03-06,2.914570685191132,8,20734.07028150335,270722.99823760986,-0.004397066012632789,1.9145706851911322,-0.08750461861217172
2026-03-09,2.8518307350110788,8,20734.07028150335,264449.0032196045,-0.021526309345947126,1.8518307350110788,-0.10714727646867411
2026-03-10,2.9947912569165958,9,7570.121670968683,291909.0040206909,0.050129385363034684,1.9947912569165958,-0.06238911821833716
2026-03-11,2.9640111932874453,9,7570.121670968683,288830.9976577759,-0.01027786613109094,1.9640111932874453,-0.07202575734434324
2026-03-16,2.899041203510834,9,7570.121670968683,282333.99868011475,-0.021919616877206116,1.899041203510834,-0.09236659721527077
2026-03-17,2.7784204633231893,8,39453.04830070273,238388.99803161618,-0.041607114808016155,1.7784204633231893,-0.1301306044085254
2026-03-18,2.8542346315513387,7,83690.46297202841,201733.00018310547,0.027286787305572213,1.8542346315513387,-0.1063946632273941
2026-03-19,2.832179463562752,7,37577.946966626805,245639.99938964844,-0.007727174123943414,1.8321794635627522,-0.11329970726272108
2026-03-25,3.063049420532967,7,37577.946966626805,268726.9950866699,0.08151671175519049,2.063049420532967,-0.041018815086413314
2026-03-26,2.9990402714781537,7,6804.020376727753,293100.00677108765,-0.020897197618076957,1.9990402714781537,-0.061058834419570086
2026-03-30,2.798598708636071,5,42256.872130086595,237602.9987335205,-0.06683523550795467,1.7985987086360709,-0.1238131883492516
2026-03-31,2.7040401220718167,5,40577.01368728418,229826.99851989746,-0.03378783327258039,1.7040401220718167,-0.15341764225694085
2026-04-01,2.760954775468423,4,113970.47640243311,162125.00114440918,0.021048006252584406,1.7609547754684232,-0.13559877149783736
2026-04-02,2.7007185552993556,5,38527.85223403711,231544.00329589844,-0.021817170170361777,1.7007185552993556,-0.1544575601955388
2026-04-07,2.6338531980758453,4,108077.31962447902,155308.0001831055,-0.024758358138543102,1.6338531980758453,-0.17539180274155522
2026-04-08,2.7593698485610743,5,63633.98879287501,212302.99606323242,0.04765514288227024,1.7593698485610743,-0.13609498127931272
2026-04-09,2.7226824656635067,8,4477.246772344314,267790.99979400635,-0.013295565622237548,1.7226824656635067,-0.147581087147094
2026-04-10,2.766695965260675,6,25505.595061223714,251164.00146484375,0.016165491258064213,1.7666959652606748,-0.13380131666316175
2026-04-13,2.7738249503070618,7,8500.495061223715,268881.9999694824,0.002576714296005145,1.7738249503070618,-0.13156937013262687
2026-04-14,2.888894965260675,7,8500.495061223715,280389.00146484375,0.04148423819638469,1.888894965260675,-0.09554318702617233
2026-04-15,2.9291449347430967,7,8500.495061223715,284413.99841308594,0.013932652438538806,1.9291449347430967,-0.08294170460533948
2026-04-16,2.992854956715753,7,8500.495061223715,290785.00061035156,0.021750382241923605,1.9928549567157532,-0.06299533614237879
2026-04-22,3.2496649084979796,7,8500.495061223715,316465.9957885742,0.08580768379903048,2.2496649084979796,0.0
2026-04-23,3.2123049689227843,7,8500.495061223715,312730.0018310547,-0.011496551375958175,2.2123049689227843,-0.011496551375958144
2026-04-24,3.246984923451593,7,8500.495061223715,316197.99728393555,0.010795972008983412,2.246984923451593,-0.0008246958138294601
2026-04-27,3.3048635467643517,8,4679.348984906882,325807.0056915283,0.017825344027539547,2.3048635467643517,0.0
2026-04-28,3.213673468029,8,4679.348984906882,316687.99781799316,-0.02759269102793427,2.213673468029,-0.027592691027934244
2026-04-29,3.201523531352975,8,4679.348984906882,315473.0041503906,-0.003780700434222073,2.201523531352975,-0.03126907176320564
2026-04-30,3.316175662756135,9,2059.5632314850986,329558.0030441284,0.03581174096656037,2.316175662756135,0.0
2026-05-06,3.3972956368924874,9,2059.5632314850986,337670.0004577637,0.024461905033381637,2.3972956368924874,0.0
2026-05-07,3.5369056088926096,9,2059.5632314850986,351630.9976577759,0.041094443028168115,2.5369056088926096,0.0
